,Marital status,Application mode,Application order,Course,Daytime/evening attendance,Previous qualification,Nacionality,Mother's qualification,Father's qualification,Mother's occupation,Father's occupation,Displaced,Educational special needs,Debtor,Tuition fees up to date,Gender,Scholarship holder,Age at enrollment,International,Curricular units 1st sem (credited),Curricular units 1st sem (enrolled),Curricular units 1st sem (evaluations),Curricular units 1st sem (approved),Curricular units 1st sem (grade),Curricular units 1st sem (without evaluations),Curricular units 2nd sem (credited),Curricular units 2nd sem (enrolled),Curricular units 2nd sem (evaluations),Curricular units 2nd sem (approved),Curricular units 2nd sem (grade),Curricular units 2nd sem (without evaluations),Unemployment rate,Inflation rate,GDP,Target
771,1,8,6,15,1,1,1,1,14,6,6,1,0,0,1,0,0,18,0,0,6,0,0,0.0,0,0,6,0,0,0.0,0,12.4,0.5,1.79,Dropout
1145,1,1,2,3,0,1,1,13,9,1,1,1,0,0,1,0,0,22,0,0,6,7,5,13.4,0,0,6,9,5,12.2,0,7.6,2.6,0.32,Graduate
4316,1,1,3,5,1,1,1,28,3,15,21,1,0,1,1,1,0,19,0,0,6,6,6,12.0,0,0,6,7,6,13.571428571428571,0,8.9,1.4,3.51,Graduate
4207,1,1,1,12,1,1,1,23,27,8,9,0,0,0,1,0,1,18,0,0,7,7,7,14.652857142857142,0,0,8,9,8,14.755555555555556,0,12.4,0.5,1.79,Graduate
1187,1,8,1,9,1,1,1,22,27,10,8,1,0,0,1,0,0,20,0,0,5,9,1,10.0,0,0,5,10,1,11.0,0,7.6,2.6,0.32,Dropout
530,1,8,1,9,1,1,1,22,27,5,8,0,0,0,1,1,1,19,0,0,5,12,3,11.666666666666666,0,0,5,10,3,11.666666666666666,0,12.7,3.7,-1.7,Enrolled
2805,1,1,4,12,1,1,1,13,14,10,10,1,0,0,1,0,0,19,0,0,7,8,6,11.658333333333331,0,0,8,11,6,12.416666666666666,0,12.4,0.5,1.79,Graduate
3861,1,9,1,15,1,1,1,23,28,7,8,1,0,0,1,1,1,18,0,0,6,6,1,11.0,0,0,6,0,0,0.0,0,8.9,1.4,3.51,Dropout
904,1,1,2,9,1,1,1,13,14,10,10,1,0,0,1,0,0,20,0,0,5,12,1,10.0,2,0,5,5,0,0.0,0,12.7,3.7,-1.7,Dropout
2169,1,8,1,14,1,1,1,3,3,3,2,1,0,0,1,0,0,20,0,0,6,7,6,15.571428571428571,0,0,6,6,6,17.166666666666668,0,16.2,0.3,-0.92,Graduate
2593,1,12,1,13,1,1,1,13,14,5,6,0,0,0,1,0,0,26,0,0,7,12,6,12.166666666666666,0,0,8,8,8,11.675,0,13.9,-0.3,0.79,Dropout
1951,1,14,2,11,1,1,1,13,14,10,10,1,0,0,1,0,0,19,0,0,6,0,0,0.0,0,0,6,12,0,0.0,0,10.8,1.4,1.74,Dropout
2232,1,14,1,9,1,1,1,1,3,2,2,0,0,0,1,1,0,28,0,0,5,9,2,10.0,0,0,5,9,0,0.0,0,15.5,2.8,-4.06,Dropout
895,2,15,1,17,0,14,1,1,27,5,10,0,0,0,0,0,0,21,0,0,5,12,3,11.333333333333334,0,0,5,10,1,13.0,0,15.5,2.8,-4.06,Dropout
2850,1,9,2,15,1,1,1,1,1,5,5,1,0,0,0,0,0,20,0,0,6,6,0,0.0,0,0,6,0,0,0.0,0,8.9,1.4,3.51,Dropout
3850,1,14,1,17,0,1,1,22,14,10,10,0,0,0,0,1,0,47,0,0,5,5,0,0.0,0,0,5,5,0,0.0,0,12.7,3.7,-1.7,Dropout
2700,1,1,1,2,1,1,1,1,1,5,4,1,0,1,1,1,0,21,0,0,0,0,0,0.0,0,0,0,0,0,0.0,0,16.2,0.3,-0.92,Dropout
3418,1,1,1,16,1,1,1,23,27,10,10,1,0,0,1,0,1,19,0,0,7,7,7,13.285714285714286,0,0,7,7,7,14.428571428571429,0,11.1,0.6,2.02,Graduate
4122,1,8,3,10,1,1,1,13,14,8,8,1,0,0,1,0,0,19,0,0,6,7,5,10.8,0,0,6,9,6,10.166666666666666,0,8.9,1.4,3.51,Graduate
1797,1,1,3,6,1,1,1,23,1,10,10,1,0,0,1,0,1,18,0,0,5,8,3,15.0,2,0,5,9,3,11.666666666666666,0,9.4,-0.8,-3.12,Dropout
746,1,16,1,4,1,14,1,1,14,5,5,1,0,1,0,1,0,22,0,0,6,12,3,11.333333333333334,0,0,6,13,2,11.0,0,8.9,1.4,3.51,Dropout
3870,1,8,1,14,1,1,1,1,27,5,6,0,0,0,1,1,0,21,0,0,6,8,6,14.75,0,0,6,9,5,14.333333333333334,0,11.1,0.6,2.02,Graduate
357,1,12,1,17,0,1,1,22,27,12,9,0,0,0,1,0,0,33,0,0,5,0,0,0.0,0,0,5,0,0,0.0,0,12.7,3.7,-1.7,Dropout
563,1,1,1,8,1,1,1,13,28,10,10,1,0,0,1,1,0,18,0,0,6,6,6,13.5,0,0,6,9,5,13.2,0,8.9,1.4,3.51,Graduate
2280,1,14,1,4,1,1,1,1,2,5,3,0,0,0,1,1,0,28,0,9,18,36,17,13.058823529411764,1,6,12,15,12,12.307692307692308,0,15.5,2.8,-4.06,Graduate
2653,2,12,2,9,1,1,1,22,27,6,8,0,0,0,1,1,0,43,0,0,5,14,0,0.0,1,0,5,5,0,0.0,0,9.4,-0.8,-3.12,Dropout
1940,1,1,2,11,1,1,1,1,1,10,5,1,0,0,1,0,1,18,0,0,6,9,6,13.571428571428571,0,0,6,6,6,12.166666666666666,0,8.9,1.4,3.51,Graduate
4092,1,1,1,12,1,1,1,1,1,5,11,0,0,0,1,0,0,18,0,0,7,7,6,13.861666666666666,0,0,8,16,0,0.0,1,12.4,0.5,1.79,Dropout
1141,1,8,6,9,1,1,1,13,28,8,10,0,0,0,1,0,1,19,0,0,5,5,5,12.4,0,0,5,8,3,11.0,0,12.7,3.7,-1.7,Enrolled
4339,1,13,1,12,1,1,1,3,27,3,7,1,0,0,1,0,0,25,0,0,14,14,12,13.291666666666666,1,0,14,14,12,13.291666666666666,1,7.6,2.6,0.32,Graduate
1659,1,1,1,2,1,1,1,3,3,2,3,1,0,0,1,0,0,20,0,0,0,0,0,0.0,0,0,0,0,0,0.0,0,13.9,-0.3,0.79,Enrolled
91,1,8,2,15,1,1,14,13,1,10,10,1,0,0,0,0,0,21,1,0,6,6,6,14.0,0,0,6,6,6,13.5,0,8.9,1.4,3.51,Graduate
69,1,12,1,11,1,1,1,13,27,8,11,0,0,0,1,1,0,26,0,0,6,7,6,12.0,0,0,6,8,5,10.8,0,12.7,3.7,-1.7,Enrolled
2180,1,8,1,2,1,1,1,23,28,8,8,1,0,0,1,0,0,19,0,0,0,0,0,0.0,0,0,0,0,0,0.0,0,15.5,2.8,-4.06,Dropout
993,1,15,2,10,1,14,1,3,14,5,10,1,0,0,1,0,0,19,0,3,6,6,6,14.166666666666666,0,2,6,6,6,13.5,0,12.4,0.5,1.79,Graduate
3775,1,1,1,6,1,1,1,22,27,5,10,1,0,1,1,0,0,29,0,4,5,11,4,12.5,2,1,5,11,2,12.5,0,12.7,3.7,-1.7,Dropout
3999,1,8,6,12,1,1,1,1,28,5,9,1,0,0,1,0,0,20,0,0,7,9,6,13.0,0,0,8,8,8,14.2125,0,13.9,-0.3,0.79,Dropout
1113,1,12,1,17,0,1,1,23,28,4,4,0,0,0,1,0,0,25,0,0,5,11,3,10.666666666666666,0,0,5,11,3,11.333333333333334,0,15.5,2.8,-4.06,Enrolled
664,1,8,3,12,1,1,1,3,3,10,8,1,0,0,1,1,0,19,0,0,7,8,7,13.3625,0,0,8,9,8,14.444444444444445,0,13.9,-0.3,0.79,Graduate
1082,1,16,1,5,1,1,1,5,1,3,11,1,0,0,1,0,0,21,0,0,6,7,5,12.2,0,0,6,7,4,12.6,0,8.9,1.4,3.51,Enrolled
653,1,15,1,10,1,14,1,23,28,7,10,1,0,0,1,0,1,19,0,3,6,7,5,12.2,0,2,6,6,6,11.5,0,13.9,-0.3,0.79,Graduate
3610,1,15,1,7,1,14,1,23,14,10,6,1,0,0,1,1,0,19,0,0,5,9,2,12.5,0,0,5,10,3,11.6,0,12.4,0.5,1.79,Enrolled
2073,1,1,3,6,1,1,1,1,14,10,10,1,0,0,1,0,1,19,0,0,5,6,5,14.6,0,0,5,5,5,13.8,0,10.8,1.4,1.74,Graduate
2825,1,8,1,8,1,1,1,13,14,5,5,1,0,0,1,0,0,19,0,0,6,8,6,11.333333333333334,0,0,6,12,4,13.75,0,8.9,1.4,3.51,Dropout
3427,1,1,1,10,1,1,1,13,1,5,4,1,0,0,1,0,0,20,0,0,6,7,6,11.666666666666666,0,0,6,10,6,11.333333333333334,0,7.6,2.6,0.32,Graduate
1869,1,1,1,15,1,1,1,13,9,1,1,1,0,0,1,1,0,19,0,0,6,6,6,11.666666666666666,0,0,6,10,3,12.666666666666666,0,7.6,2.6,0.32,Graduate
1693,1,1,1,9,1,1,1,3,14,4,11,0,0,0,1,1,0,19,0,0,5,7,5,11.8,0,0,5,8,4,12.4,2,16.2,0.3,-0.92,Enrolled
3757,1,1,2,12,1,1,1,1,3,5,4,0,0,0,1,0,0,18,0,0,7,10,7,13.398,0,0,8,8,8,13.5425,0,15.5,2.8,-4.06,Graduate
2072,1,1,1,14,1,1,1,23,28,6,10,1,0,0,1,0,0,20,0,0,6,9,6,13.285714285714286,0,0,6,8,5,13.8,0,15.5,2.8,-4.06,Graduate
3552,1,14,1,9,1,1,1,22,27,6,4,0,0,0,1,1,0,22,0,0,5,9,3,13.0,0,0,5,9,3,11.666666666666666,0,12.7,3.7,-1.7,Dropout
3504,1,1,1,14,1,1,1,1,1,6,10,0,0,0,1,1,1,18,0,0,6,8,6,12.166666666666666,0,0,6,7,5,13.0,0,13.9,-0.3,0.79,Graduate
4234,1,1,2,9,1,1,1,23,28,10,6,1,0,0,1,1,0,20,0,0,5,12,3,10.5,0,0,5,10,4,11.25,0,12.4,0.5,1.79,Enrolled
214,1,14,1,15,1,1,1,1,1,5,6,0,0,0,1,0,0,21,0,0,6,8,6,11.714285714285714,0,0,6,7,6,12.0,0,7.6,2.6,0.32,Graduate
3943,5,12,1,9,1,1,1,1,1,5,9,0,0,1,0,0,0,24,0,0,5,0,0,0.0,0,0,5,0,0,0.0,0,13.9,-0.3,0.79,Dropout
959,1,1,3,14,1,1,1,11,9,1,1,1,0,0,0,1,0,19,0,0,5,5,0,0.0,0,0,4,4,0,0.0,0,7.6,2.6,0.32,Dropout
983,2,12,1,17,0,1,1,23,28,10,4,0,0,0,1,1,0,34,0,0,5,10,4,11.75,0,0,5,10,4,10.833333333333334,0,13.9,-0.3,0.79,Enrolled
3798,1,1,1,14,1,1,1,13,28,10,10,0,0,0,1,1,0,19,0,0,6,8,6,14.25,0,0,6,7,6,13.857142857142858,0,11.1,0.6,2.02,Graduate
3296,1,8,2,12,1,1,1,22,27,8,8,1,0,0,1,0,1,18,0,0,7,10,5,11.94,0,0,7,8,6,12.8,0,11.1,0.6,2.02,Enrolled
2660,2,12,1,17,0,1,1,13,27,4,10,0,0,0,1,1,0,32,0,0,5,11,4,10.75,0,0,5,11,4,11.333333333333334,0,13.9,-0.3,0.79,Dropout
1544,1,12,1,3,0,1,1,19,24,1,1,1,0,0,1,0,0,27,0,0,6,11,4,12.25,0,0,6,16,3,12.0,0,7.6,2.6,0.32,Dropout
1216,1,8,4,10,1,1,1,13,14,6,9,1,0,0,1,0,0,18,0,0,6,10,5,12.0,0,0,6,11,4,12.0,0,16.2,0.3,-0.92,Graduate
414,1,1,1,10,1,1,1,1,28,10,8,1,0,0,1,0,1,20,0,0,6,9,6,12.333333333333334,0,0,6,6,6,11.833333333333334,0,8.9,1.4,3.51,Graduate
2732,1,1,1,12,1,1,1,13,14,5,5,1,0,0,1,0,0,20,0,0,8,8,7,14.014285714285714,0,0,8,8,7,14.014285714285714,0,12.7,3.7,-1.7,Enrolled
2793,1,1,1,2,1,1,1,23,27,10,9,1,0,1,0,1,1,18,0,0,0,0,0,0.0,0,0,0,0,0,0.0,0,12.7,3.7,-1.7,Graduate
3627,1,1,6,15,1,1,1,1,14,5,5,1,0,0,1,0,1,18,0,0,6,6,6,12.166666666666666,0,0,6,10,5,11.2,0,7.6,2.6,0.32,Enrolled
429,1,8,1,14,1,1,1,13,28,5,11,0,0,0,1,0,0,19,0,0,6,10,5,11.5,0,0,6,9,4,14.6,0,11.1,0.6,2.02,Graduate
3435,1,1,2,5,1,1,1,1,1,5,8,1,0,0,1,0,0,19,0,0,6,6,6,11.833333333333334,0,0,6,7,6,13.0,0,9.4,-0.8,-3.12,Graduate
1881,1,12,1,4,1,1,1,22,27,10,5,0,0,0,1,1,0,35,0,0,6,16,4,12.0,0,0,6,11,3,10.333333333333334,0,13.9,-0.3,0.79,Dropout
3094,1,8,2,11,1,1,1,13,14,8,8,1,0,0,1,0,1,18,0,0,6,9,1,10.0,1,0,6,6,0,0.0,0,12.7,3.7,-1.7,Dropout
749,1,1,2,12,1,1,1,1,1,6,4,1,0,0,1,0,0,18,0,0,7,7,7,13.471428571428572,0,0,8,9,8,13.944444444444445,0,16.2,0.3,-0.92,Graduate
1580,1,1,1,15,1,1,1,22,27,10,8,1,0,0,1,1,1,21,0,0,6,6,6,13.5,0,0,6,6,6,14.166666666666666,0,12.7,3.7,-1.7,Graduate
1998,1,12,1,3,0,1,1,22,28,5,8,1,0,0,1,0,0,24,0,0,6,10,1,10.0,0,0,6,12,0,0.0,0,9.4,-0.8,-3.12,Dropout
4060,1,3,1,8,1,1,1,5,33,3,3,1,0,0,1,0,0,18,0,0,6,6,6,15.0,0,0,6,6,6,14.833333333333334,0,8.9,1.4,3.51,Graduate
1246,1,1,1,10,1,1,1,13,14,10,10,0,0,0,1,0,1,18,0,0,6,8,6,13.5,0,0,6,9,6,12.833333333333334,0,11.1,0.6,2.02,Graduate
41,1,1,2,9,1,1,1,3,14,3,8,1,0,0,1,0,0,22,0,0,5,5,5,14.8,0,0,5,5,5,15.8,0,8.9,1.4,3.51,Graduate
1479,1,1,1,6,1,1,1,1,1,5,10,1,0,0,1,1,1,20,0,0,6,10,4,13.2,0,0,6,8,0,0.0,0,12.4,0.5,1.79,Dropout
1908,1,8,1,16,1,1,1,2,14,4,10,1,0,0,1,0,0,19,0,0,6,8,5,12.333333333333334,0,0,6,8,5,11.0,0,15.5,2.8,-4.06,Enrolled
1913,2,8,3,3,0,1,1,13,27,4,4,0,0,1,0,0,0,18,0,0,6,9,3,10.666666666666666,0,0,6,12,0,0.0,0,7.6,2.6,0.32,Dropout
620,1,1,1,15,1,1,1,3,14,5,6,1,0,0,1,0,0,20,0,0,6,6,6,13.833333333333334,0,0,6,6,6,12.5,0,12.7,3.7,-1.7,Graduate
2911,1,1,6,12,1,1,1,13,14,5,5,1,0,0,1,0,0,18,0,0,8,8,8,13.27625,0,0,8,8,8,13.27625,0,9.4,-0.8,-3.12,Graduate
3755,1,9,4,12,1,1,1,3,1,4,5,1,0,0,1,0,0,18,0,0,7,8,7,13.6875,0,0,8,9,8,15.622222222222222,0,13.9,-0.3,0.79,Dropout
992,1,1,1,15,1,1,1,1,3,4,4,1,0,0,1,0,0,18,0,0,6,8,6,11.428571428571429,0,0,6,7,6,11.0,0,11.1,0.6,2.02,Dropout
3908,2,12,1,10,1,1,1,23,28,10,8,0,0,1,1,0,1,42,0,0,6,8,6,13.333333333333334,0,0,6,7,6,15.285714285714286,0,11.1,0.6,2.02,Graduate
2056,1,17,1,4,1,16,1,1,14,10,8,0,0,1,1,0,1,24,0,7,12,13,12,12.846153846153848,0,5,11,13,11,12.636363636363637,0,8.9,1.4,3.51,Graduate
2059,1,15,1,6,1,14,1,23,27,5,11,0,0,1,0,0,0,20,0,1,6,13,4,13.0,0,1,6,11,5,12.0,0,16.2,0.3,-0.92,Dropout
419,1,1,4,12,1,1,1,1,14,5,6,0,0,0,1,0,0,18,0,0,7,0,0,0.0,0,0,8,0,0,0.0,0,12.7,3.7,-1.7,Dropout
1085,1,8,2,8,1,1,1,3,1,3,2,0,0,0,1,0,0,19,0,0,6,0,0,0.0,0,0,6,0,0,0.0,0,15.5,2.8,-4.06,Dropout
4180,1,8,1,16,1,1,1,23,27,6,8,1,0,1,1,0,0,18,0,0,6,12,4,13.5,0,0,6,14,3,10.666666666666666,0,10.8,1.4,1.74,Enrolled
302,1,1,1,12,1,1,1,13,14,5,10,0,0,0,1,0,1,18,0,0,7,9,7,15.116666666666667,0,0,8,9,8,16.168888888888887,0,15.5,2.8,-4.06,Graduate
2302,1,1,1,9,1,1,1,22,27,10,10,0,0,1,1,1,1,22,0,0,5,8,5,10.666666666666666,0,0,5,11,2,11.0,0,15.5,2.8,-4.06,Enrolled
2872,2,14,1,17,0,1,1,23,27,6,7,0,0,0,1,0,0,28,0,6,10,15,6,10.666666666666666,0,5,10,17,9,11.333333333333334,1,7.6,2.6,0.32,Enrolled
1014,1,9,2,9,1,1,1,22,28,29,28,1,0,0,1,0,1,20,0,0,5,6,5,11.8,0,0,5,6,5,11.6,0,8.9,1.4,3.51,Graduate
828,1,1,4,12,1,1,1,13,14,5,6,1,0,0,1,0,0,18,0,0,8,8,8,14.25,0,0,8,8,8,14.25,0,9.4,-0.8,-3.12,Graduate
60,1,1,2,12,1,1,1,13,14,10,10,0,0,0,1,0,0,18,0,0,7,8,6,13.133333333333333,0,0,8,12,7,12.221428571428572,0,16.2,0.3,-0.92,Graduate
4403,1,8,3,12,1,1,1,1,1,5,11,1,0,0,1,1,1,19,0,0,7,11,6,12.4125,0,0,8,12,7,11.2625,0,15.5,2.8,-4.06,Graduate
2857,1,1,1,2,1,1,1,1,1,5,4,1,0,0,1,0,1,18,0,0,0,0,0,0.0,0,0,0,0,0,0.0,0,13.9,-0.3,0.79,Dropout
3820,1,15,1,4,1,14,1,4,4,5,3,1,0,0,1,1,0,22,0,0,6,13,5,13.0,0,0,6,13,2,11.5,0,12.4,0.5,1.79,Enrolled
3259,1,8,2,12,1,1,1,22,27,10,10,1,0,0,1,0,0,18,0,0,7,7,6,14.316666666666668,0,0,7,7,6,14.316666666666668,0,7.6,2.6,0.32,Graduate
3752,1,1,2,15,1,1,1,1,1,10,5,1,0,0,1,0,0,18,0,0,6,6,6,11.666666666666666,0,0,6,6,5,12.2,0,12.7,3.7,-1.7,Graduate
1784,1,4,2,12,1,3,1,22,28,10,10,0,0,0,1,1,0,28,0,0,7,7,7,14.114285714285714,0,0,8,9,8,15.91111111111111,0,16.2,0.3,-0.92,Dropout
3603,1,8,3,7,1,1,1,1,14,20,44,1,0,0,1,1,0,18,0,0,5,7,5,11.8,0,0,5,9,3,12.0,0,8.9,1.4,3.51,Enrolled
129,1,8,6,12,1,1,1,1,27,9,10,1,0,0,1,0,0,19,0,0,7,7,7,13.467142857142855,0,0,8,9,8,15.011111111111113,0,12.4,0.5,1.79,Graduate
2204,1,3,2,5,1,1,1,1,1,5,11,1,0,0,1,1,0,18,0,0,6,7,5,13.2,0,0,6,6,5,11.8,0,16.2,0.3,-0.92,Graduate
1124,1,1,1,15,1,1,1,23,27,10,10,0,0,0,1,0,1,19,0,0,6,6,6,12.833333333333334,0,0,6,6,6,13.5,0,16.2,0.3,-0.92,Graduate
1250,1,1,1,11,1,1,1,13,29,5,9,1,0,0,1,0,0,20,0,0,6,7,6,14.833333333333334,0,0,6,6,6,16.0,0,11.1,0.6,2.02,Graduate
815,1,16,1,9,1,1,1,1,1,5,5,0,0,0,1,0,0,21,0,0,5,9,5,12.8,0,0,5,11,3,12.666666666666666,0,11.1,0.6,2.02,Enrolled
1355,1,1,1,6,1,1,1,1,10,5,6,0,0,0,1,0,0,20,0,0,6,10,6,13.428571428571429,0,0,6,11,5,12.666666666666666,0,13.9,-0.3,0.79,Enrolled
4268,1,1,2,17,0,1,1,5,1,5,5,0,0,0,1,1,0,19,0,0,5,11,4,11.0,0,0,5,8,4,12.25,0,15.5,2.8,-4.06,Dropout
3186,1,12,1,8,1,8,1,10,26,12,12,0,0,0,0,1,1,30,0,0,5,13,0,0.0,3,0,5,5,0,0.0,5,9.4,-0.8,-3.12,Dropout
659,1,12,1,4,1,1,1,13,14,10,10,0,0,0,1,0,0,25,0,0,6,6,0,0.0,0,0,6,6,0,0.0,0,11.1,0.6,2.02,Dropout
1410,1,12,1,3,0,12,1,22,27,10,6,0,0,0,1,0,0,58,0,0,6,6,0,0.0,0,0,6,6,0,0.0,0,11.1,0.6,2.02,Dropout
3229,1,1,6,12,1,1,1,23,28,6,6,1,0,0,1,0,0,20,0,0,7,9,6,13.683333333333332,0,0,8,11,6,13.116666666666667,0,11.1,0.6,2.02,Graduate
3555,1,15,1,6,1,14,1,23,28,5,2,1,0,0,1,1,0,20,0,1,6,11,6,13.8,0,1,6,7,6,13.142857142857142,0,16.2,0.3,-0.92,Graduate
1016,1,8,1,9,1,1,1,22,1,10,10,1,0,1,1,0,1,19,0,0,5,5,4,11.0,0,0,5,5,0,0.0,0,11.1,0.6,2.02,Dropout
1206,1,14,2,12,1,1,1,22,24,12,1,0,0,1,1,0,0,22,0,11,14,14,12,12.333333333333334,2,11,14,14,12,12.333333333333334,2,7.6,2.6,0.32,Graduate
3538,1,8,5,11,1,1,1,13,27,6,6,1,0,0,1,1,0,19,0,0,6,12,4,12.5,0,0,6,12,4,10.25,0,7.6,2.6,0.32,Dropout
325,1,1,1,11,1,1,1,13,14,6,9,1,0,0,1,0,0,18,0,0,6,7,6,10.571428571428571,0,0,6,11,3,11.666666666666666,0,16.2,0.3,-0.92,Graduate
3160,1,1,2,2,1,1,1,23,14,10,10,1,0,0,1,1,1,21,0,0,0,0,0,0.0,0,0,0,0,0,0.0,0,10.8,1.4,1.74,Graduate
3234,1,1,2,12,1,1,1,1,1,5,4,1,0,0,1,0,0,18,0,0,7,10,7,13.78,0,0,8,10,8,13.661,0,15.5,2.8,-4.06,Graduate
4283,1,12,1,9,1,12,1,23,14,8,10,0,0,1,0,1,0,28,0,0,5,7,1,11.0,0,0,5,9,0,0.0,0,10.8,1.4,1.74,Dropout
114,1,8,2,12,1,1,1,22,27,10,10,1,0,0,1,0,0,18,0,0,7,7,6,12.516666666666666,1,0,7,7,6,12.516666666666666,1,7.6,2.6,0.32,Dropout
3104,1,8,4,10,1,1,1,13,14,5,8,1,0,0,1,0,0,19,0,0,6,7,6,12.0,0,0,6,7,6,12.428571428571429,0,11.1,0.6,2.02,Graduate
1134,1,8,1,11,1,1,1,22,27,6,7,0,0,0,0,0,0,20,0,0,6,0,0,0.0,0,0,6,0,0,0.0,0,15.5,2.8,-4.06,Dropout
1875,1,1,1,12,1,1,1,22,27,10,10,0,0,0,1,1,0,24,0,0,7,7,6,13.3,0,0,7,7,6,13.3,0,7.6,2.6,0.32,Graduate
4269,1,8,2,5,1,1,1,3,1,3,5,1,0,0,1,1,0,18,0,0,6,6,6,13.0,0,0,6,8,1,10.0,0,10.8,1.4,1.74,Enrolled
403,1,1,1,11,1,1,1,13,28,10,10,0,0,0,1,0,0,19,0,0,6,6,6,12.0,0,0,6,7,4,12.75,0,12.4,0.5,1.79,Enrolled
1722,1,16,1,6,1,1,1,3,3,3,9,1,0,0,1,0,0,22,0,4,12,19,11,14.153846153846152,0,5,12,20,12,15.428571428571429,0,8.9,1.4,3.51,Graduate
2306,1,4,1,8,1,3,1,2,28,3,4,1,0,0,0,1,0,18,0,2,5,7,2,13.0,0,0,5,5,0,0.0,0,12.7,3.7,-1.7,Dropout
4340,1,8,1,6,1,1,1,2,3,3,3,0,0,0,1,0,0,20,0,0,5,12,3,11.666666666666666,2,0,5,11,4,11.5,1,9.4,-0.8,-3.12,Graduate
1790,2,12,1,12,1,1,1,22,27,10,5,0,0,0,1,1,0,26,0,0,8,8,7,13.075714285714286,0,0,8,8,7,13.075714285714286,0,10.8,1.4,1.74,Graduate
3447,1,1,1,2,1,1,1,1,14,6,9,1,0,0,1,0,1,18,0,0,0,0,0,0.0,0,0,0,0,0,0.0,0,13.9,-0.3,0.79,Graduate
1305,1,1,3,15,1,1,1,13,14,10,10,1,0,0,1,0,0,18,0,0,6,6,6,12.666666666666666,0,0,6,7,6,12.833333333333334,0,12.7,3.7,-1.7,Graduate
3324,1,12,1,2,1,1,1,10,3,6,3,1,0,0,1,1,0,27,0,0,0,0,0,0.0,0,0,0,0,0,0.0,0,9.4,-0.8,-3.12,Dropout
2260,1,1,2,14,1,1,1,1,14,5,5,0,0,0,1,1,1,19,0,0,6,10,6,13.125,0,0,6,9,6,12.714285714285714,0,11.1,0.6,2.02,Enrolled
1781,1,1,5,5,1,1,1,1,14,4,4,1,0,0,1,1,1,21,0,0,6,6,6,13.5,0,0,6,6,6,11.166666666666666,0,11.1,0.6,2.02,Graduate
3291,1,12,1,4,1,1,1,22,27,10,8,1,0,0,0,1,0,35,0,0,6,17,1,13.0,0,0,6,8,0,0.0,0,15.5,2.8,-4.06,Dropout
4405,1,1,4,12,1,1,1,22,27,8,8,1,0,0,1,1,1,18,0,0,8,8,7,14.314285714285717,0,0,8,8,7,14.314285714285717,0,12.7,3.7,-1.7,Graduate
2907,2,1,4,12,1,1,1,1,27,5,10,0,0,0,1,0,1,18,0,0,7,7,6,14.066666666666668,0,0,7,7,6,14.066666666666668,0,7.6,2.6,0.32,Graduate
2020,1,13,1,4,1,1,1,13,1,10,6,1,0,0,0,1,0,27,0,0,6,10,0,0.0,0,0,6,8,0,0.0,0,15.5,2.8,-4.06,Dropout
2581,1,12,1,4,1,1,1,23,28,5,8,1,0,0,0,0,0,27,0,0,6,8,0,0.0,0,0,6,8,0,0.0,0,15.5,2.8,-4.06,Dropout
3784,1,4,1,3,0,15,1,22,14,10,4,0,0,0,1,0,0,36,0,6,10,15,4,13.0,0,5,9,10,4,13.75,0,8.9,1.4,3.51,Dropout
3407,1,1,3,12,1,1,1,1,14,10,4,1,0,0,1,0,1,18,0,0,8,8,8,14.15375,0,0,8,8,8,14.15375,0,9.4,-0.8,-3.12,Graduate
1422,1,8,3,10,1,1,1,13,28,10,8,1,0,0,1,0,1,19,0,0,6,8,6,11.333333333333334,0,0,6,6,6,11.833333333333334,0,8.9,1.4,3.51,Graduate
1690,1,4,1,7,1,1,1,19,24,1,1,0,0,0,1,1,0,24,0,0,5,0,0,0.0,0,0,5,0,0,0.0,0,7.6,2.6,0.32,Dropout
1628,1,1,1,14,1,1,1,13,3,5,1,1,0,0,0,1,0,20,0,0,5,6,3,12.0,0,0,5,5,4,12.75,0,7.6,2.6,0.32,Dropout
268,1,1,1,5,1,1,1,22,27,10,10,1,0,0,1,0,1,19,0,0,6,6,6,13.0,0,0,6,8,6,12.5,0,10.8,1.4,1.74,Graduate
1043,1,1,6,12,1,1,1,23,28,10,10,1,0,0,1,0,1,18,0,0,7,11,6,11.994444444444444,0,0,8,11,7,12.43142857142857,0,15.5,2.8,-4.06,Graduate
3898,2,12,1,11,1,1,1,22,27,5,8,1,0,0,1,0,0,34,0,0,6,7,5,12.4,0,0,6,8,5,12.8,0,9.4,-0.8,-3.12,Graduate
2071,1,1,1,12,1,1,1,13,3,10,5,1,0,0,1,0,0,18,0,0,7,7,6,12.916666666666666,0,0,7,7,6,12.916666666666666,0,7.6,2.6,0.32,Graduate
2743,1,1,1,10,1,1,1,1,1,4,4,1,0,0,1,0,1,20,0,0,6,7,6,13.666666666666666,0,0,6,7,6,14.571428571428571,0,11.1,0.6,2.02,Graduate
2622,1,16,1,3,0,16,1,13,27,19,44,1,0,1,1,0,1,21,0,13,13,13,11,12.727272727272728,0,9,11,11,10,12.6,0,8.9,1.4,3.51,Graduate
410,1,1,2,12,1,1,1,13,14,8,8,1,0,0,1,0,1,18,0,0,8,8,7,14.654285714285717,0,0,8,8,7,14.654285714285717,0,10.8,1.4,1.74,Graduate
1613,1,12,1,3,0,11,1,19,24,1,1,1,0,0,0,0,0,37,0,0,5,9,0,0.0,0,0,5,5,0,0.0,5,9.4,-0.8,-3.12,Dropout
553,1,8,3,7,1,1,1,1,2,4,3,1,0,0,1,1,0,19,0,0,5,10,2,11.0,0,0,6,10,0,0.0,0,11.1,0.6,2.02,Dropout
3257,2,12,1,4,1,12,1,22,14,10,5,0,0,1,1,0,0,29,0,0,6,11,5,12.6,0,0,6,6,6,12.666666666666666,0,11.1,0.6,2.02,Graduate
1438,1,9,1,14,1,1,1,1,1,10,10,1,0,0,1,0,1,19,0,0,6,7,6,13.0,0,0,6,6,6,14.333333333333334,0,12.4,0.5,1.79,Graduate
699,1,14,1,7,1,1,1,22,28,6,8,0,0,0,1,1,0,39,0,0,5,10,3,17.333333333333332,0,0,5,11,1,17.0,0,13.9,-0.3,0.79,Dropout
1769,1,16,1,9,1,1,1,3,3,3,3,0,0,1,1,1,0,32,0,2,7,16,3,12.0,0,3,8,10,3,10.333333333333334,0,8.9,1.4,3.51,Enrolled
4343,1,8,2,12,1,1,1,1,1,6,11,1,0,0,1,0,0,18,0,0,7,9,5,14.06,0,0,7,9,6,12.571428571428571,0,12.4,0.5,1.79,Enrolled
2980,1,8,4,15,1,1,1,22,14,6,8,1,0,0,0,0,0,18,0,0,6,7,6,12.5,0,0,6,6,6,12.166666666666666,0,10.8,1.4,1.74,Graduate
4173,1,1,2,12,1,1,1,22,27,8,8,1,0,0,1,0,1,20,0,0,7,9,7,14.093333333333332,0,0,8,8,8,15.0,0,11.1,0.6,2.02,Graduate
3529,1,1,1,12,1,1,1,10,1,5,11,0,0,0,1,1,0,20,0,0,7,9,5,12.7,0,0,8,9,7,13.475,0,13.9,-0.3,0.79,Enrolled
2388,1,8,4,9,1,1,1,23,14,6,6,1,0,0,1,1,1,18,0,0,5,8,4,10.8,0,0,5,10,2,12.5,0,11.1,0.6,2.02,Dropout
1323,1,8,6,13,1,1,1,23,28,6,6,1,0,0,1,0,1,19,0,0,7,11,6,12.4,0,0,7,8,6,12.8,0,11.1,0.6,2.02,Graduate
3641,1,1,2,11,1,1,1,22,27,7,7,1,0,0,0,0,0,20,0,0,6,0,0,0.0,0,0,6,0,0,0.0,0,11.1,0.6,2.02,Dropout
2856,1,1,1,15,1,1,1,1,3,4,4,1,0,0,1,0,0,19,0,0,6,6,6,15.0,0,0,6,6,6,13.333333333333334,0,11.1,0.6,2.02,Graduate
3037,1,1,1,14,1,1,1,1,1,10,11,1,0,0,1,0,1,20,0,0,6,6,6,14.166666666666666,0,0,6,9,6,13.0,0,8.9,1.4,3.51,Graduate
350,1,1,1,11,1,1,1,13,14,10,10,1,0,0,1,0,0,24,0,0,6,9,4,12.6,0,0,6,6,4,11.5,0,12.7,3.7,-1.7,Dropout
811,1,8,2,16,1,1,1,13,28,6,8,1,0,0,1,0,1,18,0,0,7,8,7,12.142857142857142,0,0,7,9,6,13.666666666666666,0,11.1,0.6,2.02,Graduate
3692,1,12,1,14,1,1,1,23,27,8,8,0,0,0,1,1,0,29,0,0,6,7,1,14.0,0,0,6,6,0,0.0,0,16.2,0.3,-0.92,Dropout
4231,1,12,1,17,0,1,1,23,14,10,6,0,0,1,1,0,0,25,0,0,5,10,4,11.25,0,0,5,9,4,12.0,0,12.7,3.7,-1.7,Enrolled
3360,1,8,4,14,1,1,1,1,1,5,8,0,0,0,0,0,0,19,0,0,6,7,3,12.666666666666666,0,0,6,10,5,13.125,0,10.8,1.4,1.74,Dropout
168,1,12,1,12,1,3,1,2,2,2,2,0,0,0,1,0,0,29,0,1,8,8,7,14.257142857142856,0,1,8,8,7,14.257142857142856,0,12.7,3.7,-1.7,Graduate
4419,1,1,6,15,1,1,1,1,1,6,5,0,0,0,1,1,0,19,0,0,6,7,5,13.6,0,0,6,8,5,12.666666666666666,0,15.5,2.8,-4.06,Graduate
840,1,1,1,9,1,1,14,3,3,10,10,0,0,1,0,0,0,19,1,0,5,14,0,0.0,0,0,5,5,0,0.0,0,8.9,1.4,3.51,Dropout
1873,1,12,1,3,0,1,1,19,24,1,1,1,0,0,1,1,0,29,0,0,6,10,0,0.0,1,0,5,10,0,0.0,0,7.6,2.6,0.32,Dropout
2494,1,1,1,15,1,1,1,1,14,10,10,0,0,1,1,1,1,19,0,0,6,6,6,12.666666666666666,0,0,6,6,6,14.0,0,16.2,0.3,-0.92,Graduate
1239,1,1,1,14,1,1,1,3,1,5,5,0,0,0,1,1,0,19,0,0,6,7,0,0.0,0,0,6,6,0,0.0,0,15.5,2.8,-4.06,Dropout
1838,1,8,3,12,1,1,1,3,14,3,6,1,0,0,1,0,0,19,0,0,8,8,8,13.427499999999998,0,0,8,8,8,13.427499999999998,0,9.4,-0.8,-3.12,Graduate
4117,1,1,1,12,1,1,1,1,27,10,10,0,0,0,1,0,0,18,0,0,8,8,7,14.2,0,0,8,8,7,14.2,0,12.7,3.7,-1.7,Graduate
2290,1,13,1,7,1,1,1,5,5,3,3,0,0,0,1,1,0,30,0,1,6,9,2,15.0,0,1,6,7,2,13.5,0,15.5,2.8,-4.06,Dropout
1945,1,1,4,12,1,1,1,22,27,10,10,1,0,0,1,0,0,30,0,0,7,7,7,14.692857142857145,0,0,8,8,8,14.9625,0,12.4,0.5,1.79,Graduate
4397,1,3,4,16,1,1,1,3,28,4,9,1,0,0,1,0,0,21,0,0,6,9,5,12.6,0,0,6,9,3,11.666666666666666,0,9.4,-0.8,-3.12,Enrolled
3426,1,9,1,9,1,1,1,23,28,6,6,1,0,0,1,0,0,24,0,0,5,5,5,10.8,0,0,5,11,2,11.0,0,10.8,1.4,1.74,Enrolled
2555,1,1,1,7,1,1,1,13,27,6,9,1,0,0,1,1,0,18,0,0,5,9,4,10.5,0,0,5,11,2,10.5,3,7.6,2.6,0.32,Enrolled
3307,1,4,1,3,0,3,1,13,27,6,4,0,0,0,1,0,0,32,0,7,11,13,11,13.454545454545457,0,5,11,13,7,12.428571428571429,0,12.7,3.7,-1.7,Graduate
2089,1,12,1,14,1,12,1,1,1,5,8,0,0,1,0,0,0,25,0,0,5,5,5,11.2,0,0,5,5,5,12.6,0,9.4,-0.8,-3.12,Dropout
3924,1,1,1,2,1,1,1,13,14,6,5,1,0,1,1,1,0,21,0,6,12,12,11,11.545454545454543,0,4,11,18,9,11.7,1,8.9,1.4,3.51,Enrolled
2024,2,12,1,17,0,1,1,22,27,10,11,0,0,0,1,0,0,34,0,0,5,12,2,11.5,0,0,5,9,4,11.75,0,9.4,-0.8,-3.12,Enrolled
1917,1,1,4,12,1,1,1,13,28,10,11,1,0,0,1,0,0,20,0,0,7,7,7,12.485714285714286,0,0,8,12,8,12.9375,0,16.2,0.3,-0.92,Graduate
1352,1,1,2,5,1,1,1,1,14,5,4,0,0,0,1,0,0,19,0,0,6,6,6,12.166666666666666,0,0,6,6,6,11.333333333333334,0,12.7,3.7,-1.7,Graduate
3267,2,12,1,17,0,14,1,23,14,10,6,0,0,0,1,0,1,35,0,0,5,9,3,11.666666666666666,0,0,5,7,5,11.8,0,12.7,3.7,-1.7,Enrolled
3456,1,4,1,10,1,3,1,22,27,10,10,1,0,0,1,0,0,36,0,10,14,21,13,13.071428571428571,0,4,11,16,11,13.0,0,16.2,0.3,-0.92,Graduate
1515,1,1,1,2,1,1,1,13,27,10,8,1,0,0,1,0,1,21,0,15,17,18,17,13.38888888888889,0,15,17,18,17,14.88888888888889,0,11.1,0.6,2.02,Graduate
850,1,1,6,12,1,1,1,3,3,2,2,1,0,0,1,0,0,19,0,0,7,9,7,13.761111111111113,0,0,8,11,7,12.82375,0,15.5,2.8,-4.06,Graduate
2032,1,12,1,6,1,1,1,13,27,10,7,1,0,0,1,0,0,26,0,0,6,17,6,12.666666666666666,0,0,6,21,4,12.25,0,15.5,2.8,-4.06,Graduate
2095,1,14,1,8,1,1,1,3,3,3,3,0,0,0,1,0,0,20,0,10,17,29,14,12.5625,4,7,12,24,12,12.857142857142858,1,15.5,2.8,-4.06,Graduate
3335,1,8,4,15,1,1,1,3,1,3,8,1,0,0,1,1,0,21,0,0,6,7,0,0.0,0,0,6,11,1,10.0,0,10.8,1.4,1.74,Enrolled
3248,1,8,5,9,1,1,1,22,28,6,6,0,0,0,1,0,1,18,0,0,5,7,5,11.6,0,0,5,11,5,11.4,4,16.2,0.3,-0.92,Graduate
2236,1,1,1,11,1,1,1,23,14,10,5,0,0,0,1,1,0,19,0,0,6,10,4,12.75,0,0,6,12,2,13.0,0,10.8,1.4,1.74,Enrolled
2318,1,1,1,5,1,1,1,1,1,5,9,0,0,0,1,1,0,19,0,0,6,0,0,0.0,0,0,6,0,0,0.0,0,15.5,2.8,-4.06,Dropout
2623,1,14,1,17,0,1,14,22,27,10,9,0,0,0,1,0,0,34,1,2,2,2,2,10.5,0,1,1,1,1,11.0,0,10.8,1.4,1.74,Dropout
3927,1,1,2,15,1,1,1,23,27,6,4,1,0,1,0,0,0,18,0,0,6,8,6,14.142857142857142,0,0,6,6,5,12.0,0,13.9,-0.3,0.79,Dropout
2458,1,8,2,7,1,1,1,10,14,6,6,0,0,0,1,1,0,19,0,0,5,0,0,0.0,0,0,5,0,0,0.0,0,12.4,0.5,1.79,Dropout
2452,1,1,1,6,1,1,1,1,1,10,10,1,0,0,1,1,0,19,0,0,5,9,5,12.6,1,0,5,8,4,12.0,0,12.7,3.7,-1.7,Graduate
2299,1,12,1,11,1,14,1,1,1,6,11,0,0,0,0,1,0,26,0,0,6,0,0,0.0,0,0,6,0,0,0.0,0,16.2,0.3,-0.92,Dropout
2699,1,1,1,12,1,1,1,22,27,10,10,0,0,0,1,1,0,18,0,0,8,8,7,13.4,0,0,8,8,7,13.4,0,12.7,3.7,-1.7,Graduate
88,1,1,6,9,1,1,1,23,27,10,10,1,0,0,1,1,0,23,0,0,5,6,4,14.0,0,0,5,5,5,13.8,0,11.1,0.6,2.02,Enrolled
2190,1,8,1,2,1,1,1,22,27,10,7,1,0,0,1,1,1,18,0,0,0,0,0,0.0,0,0,0,0,0,0.0,0,7.6,2.6,0.32,Enrolled
1655,1,1,2,6,1,1,1,23,1,10,4,1,0,0,1,0,0,20,0,0,5,11,5,12.333333333333334,2,0,5,7,5,12.6,0,9.4,-0.8,-3.12,Graduate
1292,1,15,1,4,1,14,1,1,14,10,8,0,0,0,1,1,0,22,0,2,6,15,3,11.75,0,0,6,12,2,10.0,0,13.9,-0.3,0.79,Dropout
2279,2,14,1,3,0,1,1,22,27,6,6,0,0,0,1,1,0,47,0,0,6,9,6,12.142857142857142,0,0,6,6,0,0.0,0,16.2,0.3,-0.92,Dropout
4150,1,1,1,15,1,1,1,19,18,1,7,1,0,0,1,0,0,18,0,0,6,6,6,15.166666666666666,0,0,6,7,6,14.857142857142858,0,7.6,2.6,0.32,Graduate
211,1,1,1,12,1,1,1,22,27,10,10,0,0,0,1,0,1,18,0,0,7,7,6,12.916666666666666,0,0,7,7,6,12.916666666666666,0,7.6,2.6,0.32,Graduate
3406,1,7,3,16,1,1,1,13,27,10,10,1,0,0,1,0,0,19,0,0,6,8,5,12.2,0,0,6,8,5,11.8,0,10.8,1.4,1.74,Enrolled
1195,1,8,1,16,1,1,1,13,14,5,8,1,0,0,1,0,0,18,0,0,7,9,6,11.5,0,0,7,8,7,12.714285714285714,0,13.9,-0.3,0.79,Enrolled
1380,1,9,1,13,1,1,1,3,14,3,9,1,0,0,1,1,0,21,0,0,7,8,7,12.375,0,0,7,11,5,12.583333333333334,0,8.9,1.4,3.51,Graduate
3108,1,1,5,15,1,1,1,23,1,5,6,1,0,0,1,0,0,18,0,0,6,6,6,13.166666666666666,0,0,6,6,6,12.5,0,15.5,2.8,-4.06,Enrolled
2451,1,12,1,4,1,1,1,1,3,10,11,0,0,1,0,1,0,44,0,2,7,14,4,12.0,2,0,6,16,0,0.0,1,15.5,2.8,-4.06,Dropout
4167,1,8,2,5,1,1,1,13,28,5,8,1,0,0,1,0,0,19,0,0,6,6,6,14.333333333333334,0,0,6,6,6,13.5,0,9.4,-0.8,-3.12,Graduate
1004,1,8,2,10,1,1,1,1,3,4,5,1,0,0,1,0,0,18,0,0,6,6,6,16.5,0,0,6,7,6,17.428571428571427,0,11.1,0.6,2.02,Dropout
2352,1,1,1,8,1,1,1,3,3,2,3,0,0,0,1,1,0,18,0,0,5,7,4,14.0,0,0,5,5,5,14.2,0,7.6,2.6,0.32,Graduate
2224,1,1,2,12,1,1,1,13,14,10,8,1,0,0,1,1,1,19,0,0,8,8,7,14.935714285714283,0,0,8,8,7,14.935714285714283,0,10.8,1.4,1.74,Graduate
3985,1,8,1,5,1,1,1,22,28,10,9,1,0,0,1,0,0,20,0,0,6,6,6,12.5,0,0,6,6,6,12.666666666666666,0,7.6,2.6,0.32,Graduate
735,1,8,2,14,1,1,1,3,3,5,11,1,0,0,1,1,0,21,0,0,6,10,6,11.875,0,0,6,8,5,12.0,0,11.1,0.6,2.02,Graduate
3279,4,12,1,3,0,1,1,22,27,10,9,0,0,0,1,0,1,32,0,0,6,18,2,10.333333333333334,0,0,6,7,6,11.5,0,16.2,0.3,-0.92,Graduate
736,1,14,1,15,1,1,1,3,27,4,8,0,0,0,1,1,0,32,0,6,11,15,7,11.285714285714286,0,5,7,10,6,12.333333333333334,0,13.9,-0.3,0.79,Enrolled
4219,1,7,4,10,1,1,1,22,27,10,10,1,0,0,1,0,0,18,0,0,6,8,5,13.0,0,0,6,7,6,11.833333333333334,0,10.8,1.4,1.74,Graduate
2283,1,14,1,10,1,14,1,2,1,2,3,0,0,0,1,1,0,21,0,9,11,14,10,12.4,0,6,10,13,10,11.8,0,13.9,-0.3,0.79,Graduate
4273,1,8,2,6,1,1,1,3,14,3,10,0,0,0,1,1,0,18,0,0,5,5,3,14.0,0,0,5,7,3,12.666666666666666,0,7.6,2.6,0.32,Enrolled
1095,1,1,1,16,1,1,1,22,27,10,10,1,0,1,0,0,0,21,0,0,6,8,3,13.666666666666666,0,0,6,7,3,10.666666666666666,0,15.5,2.8,-4.06,Dropout
2382,1,4,1,7,1,15,1,1,1,5,5,0,0,0,1,1,0,27,0,4,6,6,6,13.166666666666666,0,2,5,7,5,15.142857142857142,0,11.1,0.6,2.02,Dropout
2754,1,4,1,17,0,15,1,23,28,10,8,0,0,0,1,1,0,38,0,10,10,10,10,13.6,0,5,10,10,5,13.6,0,8.9,1.4,3.51,Dropout
44,1,12,1,17,0,1,1,22,27,10,10,0,0,0,1,0,0,29,0,0,5,0,0,0.0,0,0,5,0,0,0.0,0,16.2,0.3,-0.92,Dropout
3729,1,1,1,4,1,1,1,23,28,5,9,0,0,1,1,1,0,21,0,8,12,13,12,14.538461538461538,0,4,12,14,12,14.461538461538462,0,15.5,2.8,-4.06,Graduate
3445,1,1,5,12,1,1,1,13,1,10,6,1,0,0,1,0,1,19,0,0,7,8,7,11.678571428571429,0,0,8,10,7,13.0375,0,12.4,0.5,1.79,Graduate
2514,1,1,1,14,1,1,1,1,3,5,4,1,0,0,1,0,0,19,0,0,6,6,6,13.333333333333334,0,0,6,8,5,12.8,0,8.9,1.4,3.51,Dropout
2437,1,1,4,7,1,1,1,22,27,10,6,1,0,0,1,1,1,22,0,0,5,9,3,12.333333333333334,0,0,6,14,3,12.5,0,11.1,0.6,2.02,Dropout
3498,1,1,2,15,1,1,1,23,28,6,8,1,0,0,1,1,1,18,0,0,6,8,6,12.666666666666666,0,0,6,6,6,13.5,0,12.7,3.7,-1.7,Graduate
1679,1,12,1,12,1,1,1,1,27,10,10,0,0,0,1,1,0,28,0,0,7,11,3,11.916666666666666,1,0,7,17,0,0.0,0,16.2,0.3,-0.92,Dropout
3824,1,1,1,7,1,1,1,1,28,5,4,1,0,0,1,1,0,18,0,0,5,5,0,0.0,0,0,5,6,1,15.0,0,10.8,1.4,1.74,Enrolled
139,1,9,1,12,1,1,1,13,1,5,9,0,0,0,1,0,0,18,0,0,7,8,7,17.125,0,0,8,8,8,17.5875,0,13.9,-0.3,0.79,Graduate
3747,1,14,1,8,1,1,1,24,3,4,3,1,0,0,1,0,0,21,0,0,5,6,0,0.0,5,0,5,6,4,13.75,1,10.8,1.4,1.74,Graduate
3693,1,8,5,7,1,1,1,13,27,10,8,1,0,0,1,1,1,19,0,0,5,9,5,12.6,0,0,5,8,2,12.5,0,8.9,1.4,3.51,Dropout
3777,1,1,1,5,1,1,1,13,2,8,4,1,0,0,1,0,0,19,0,0,6,6,6,13.166666666666666,0,0,6,6,6,12.666666666666666,0,15.5,2.8,-4.06,Graduate
3119,1,1,1,6,1,1,1,23,27,2,2,1,0,0,1,0,0,21,0,0,5,8,3,11.333333333333334,1,0,5,8,3,13.333333333333334,0,12.7,3.7,-1.7,Enrolled
244,1,1,1,9,1,1,1,23,14,10,11,0,0,0,1,0,1,20,0,5,10,13,9,12.9,0,4,10,12,10,12.363636363636363,0,8.9,1.4,3.51,Graduate
2519,1,1,3,15,1,1,1,23,28,6,6,1,0,0,1,0,1,18,0,0,6,7,6,12.285714285714286,0,0,6,6,6,13.5,0,8.9,1.4,3.51,Graduate
2999,4,12,1,3,0,1,1,13,14,12,12,0,0,0,0,0,0,37,0,0,4,4,0,0.0,0,0,5,10,0,0.0,0,10.8,1.4,1.74,Dropout
3939,1,1,5,12,1,1,1,3,1,6,11,1,0,0,1,0,0,20,0,0,7,7,7,14.30714285714286,0,0,8,8,8,15.0125,0,12.4,0.5,1.79,Graduate
3031,1,14,1,12,1,1,1,23,3,6,3,0,0,0,1,0,0,21,0,3,7,8,7,13.3875,0,2,8,8,8,15.9,0,13.9,-0.3,0.79,Graduate
1436,1,6,1,7,1,1,13,1,3,21,31,0,0,1,1,0,0,19,1,0,6,11,2,13.5,1,0,5,11,2,11.0,0,8.9,1.4,3.51,Enrolled
3402,1,1,1,15,1,1,1,13,28,10,6,0,0,0,1,0,0,18,0,0,6,6,5,13.0,0,0,6,6,6,13.666666666666666,0,12.7,3.7,-1.7,Graduate
4263,2,12,1,17,0,9,1,22,1,10,5,0,0,0,1,1,0,30,0,0,5,7,3,11.666666666666666,0,0,5,8,1,11.0,0,7.6,2.6,0.32,Dropout
4362,1,1,3,6,1,1,1,1,28,10,12,0,0,0,1,0,0,21,0,0,5,7,5,12.0,0,0,5,7,4,12.5,0,7.6,2.6,0.32,Graduate
1965,1,4,1,4,1,4,1,3,1,3,5,1,0,0,1,0,0,31,0,8,12,12,11,13.818181818181818,0,4,12,16,12,13.461538461538462,0,15.5,2.8,-4.06,Graduate
3786,1,8,2,2,1,1,14,1,1,3,4,1,0,0,1,1,0,20,1,0,0,0,0,0.0,0,0,0,0,0,0.0,0,11.1,0.6,2.02,Dropout
4187,2,12,1,3,0,1,1,22,28,4,8,0,0,0,1,0,0,28,0,0,6,8,5,11.833333333333334,0,0,6,6,6,13.0,0,16.2,0.3,-0.92,Graduate
1983,1,1,1,12,1,1,1,23,14,6,9,0,0,0,1,0,0,18,0,0,7,7,6,13.966666666666669,0,0,7,7,6,13.966666666666669,0,7.6,2.6,0.32,Graduate
4178,1,1,2,12,1,1,1,13,28,8,10,1,0,0,1,0,1,21,0,0,7,9,7,13.2,0,0,8,9,7,13.2575,0,15.5,2.8,-4.06,Graduate
4391,2,4,1,12,1,3,1,22,27,10,6,0,0,0,1,0,0,32,0,0,7,9,7,13.761111111111113,0,1,8,11,7,12.06375,0,15.5,2.8,-4.06,Enrolled
1100,1,1,1,6,1,6,1,13,14,10,10,1,0,0,1,0,0,22,0,0,5,14,4,14.25,3,0,5,9,5,13.2,4,9.4,-0.8,-3.12,Dropout
1638,1,12,1,14,1,7,1,22,27,6,4,0,0,1,1,1,0,26,0,0,5,5,0,0.0,0,0,5,5,0,0.0,0,9.4,-0.8,-3.12,Dropout
1301,1,1,5,11,1,1,1,3,14,4,10,1,0,0,0,1,0,19,0,0,6,0,0,0.0,0,0,6,0,0,0.0,0,8.9,1.4,3.51,Dropout
2958,2,12,1,16,1,12,1,22,14,4,8,0,0,0,1,0,0,45,0,0,6,11,3,12.333333333333334,0,0,6,13,2,11.0,0,7.6,2.6,0.32,Dropout
780,1,8,1,15,1,1,1,23,28,8,8,1,0,0,1,0,1,18,0,0,6,6,6,15.0,0,0,6,6,6,15.5,0,8.9,1.4,3.51,Graduate
1633,1,14,1,3,0,1,1,23,3,18,20,0,0,0,1,1,0,54,0,9,13,14,13,13.307692307692308,0,7,11,12,11,12.818181818181818,0,12.7,3.7,-1.7,Enrolled
2220,1,12,1,12,1,1,1,1,1,5,10,0,0,0,1,1,0,24,0,0,8,8,7,12.742857142857144,0,0,8,8,7,12.742857142857144,0,12.7,3.7,-1.7,Graduate
446,1,1,1,12,1,1,1,3,1,3,2,0,0,0,1,0,1,19,0,0,7,8,7,14.4125,0,0,8,8,8,16.05,0,13.9,-0.3,0.79,Graduate
176,1,12,1,16,1,1,1,22,14,10,6,0,0,0,1,0,0,27,0,0,6,9,5,13.2,0,0,6,10,5,12.0,0,7.6,2.6,0.32,Graduate
1779,1,1,1,12,1,1,1,22,14,10,10,1,0,0,1,1,0,19,0,0,7,7,7,13.725714285714286,0,0,8,8,8,14.5,0,11.1,0.6,2.02,Graduate
2576,1,15,1,6,1,14,1,22,27,10,10,1,0,1,1,0,0,32,0,0,6,14,4,11.5,0,0,6,14,3,11.0,0,16.2,0.3,-0.92,Dropout
796,1,15,1,5,1,1,1,1,1,10,9,1,0,0,1,0,0,19,0,2,7,7,7,13.0,0,5,9,9,9,13.22222222222222,0,12.4,0.5,1.79,Graduate
2765,1,7,4,12,1,1,1,1,1,5,5,1,0,0,1,0,0,18,0,0,8,8,8,13.11,0,0,8,8,8,13.11,0,9.4,-0.8,-3.12,Graduate
740,1,1,1,5,1,1,1,13,14,10,8,1,0,0,1,1,0,18,0,0,6,0,0,0.0,0,0,6,0,0,0.0,0,12.4,0.5,1.79,Dropout
4421,1,1,1,12,1,1,1,22,27,10,10,1,0,0,1,0,1,30,0,0,7,8,7,14.9125,0,0,8,9,1,13.5,0,13.9,-0.3,0.79,Dropout
1979,1,1,1,14,1,1,1,10,1,10,10,1,0,0,1,0,1,18,0,0,6,8,5,13.5,0,0,6,6,6,14.5,0,12.4,0.5,1.79,Graduate
2175,1,1,1,2,1,1,1,13,28,10,2,1,0,0,1,0,0,18,0,0,0,0,0,0.0,0,0,0,0,0,0.0,0,9.4,-0.8,-3.12,Graduate
676,1,8,4,5,1,1,1,1,14,6,8,1,0,0,1,0,0,18,0,0,6,6,6,14.0,0,0,6,6,6,15.0,0,11.1,0.6,2.02,Graduate
1757,1,15,1,8,1,14,1,1,27,5,9,1,0,0,0,0,0,22,0,1,6,10,3,12.666666666666666,0,0,6,7,0,0.0,0,15.5,2.8,-4.06,Dropout
3893,4,12,1,6,1,1,1,22,27,12,12,0,0,0,0,0,0,35,0,0,5,14,1,12.0,2,0,5,11,2,10.5,1,9.4,-0.8,-3.12,Dropout
2882,2,12,1,17,0,1,1,22,27,10,10,0,0,0,1,0,0,33,0,0,5,14,1,10.0,0,0,5,13,2,12.0,0,12.4,0.5,1.79,Dropout
2788,1,12,1,14,1,1,1,13,14,8,8,0,0,1,0,1,0,24,0,0,6,12,0,0.0,0,0,6,9,0,0.0,0,10.8,1.4,1.74,Dropout
555,1,15,1,4,1,14,1,3,2,3,3,0,0,0,1,1,0,25,0,9,14,16,14,12.428571428571429,0,3,9,13,6,10.857142857142858,0,15.5,2.8,-4.06,Dropout
1241,2,12,1,8,1,1,1,13,14,5,5,0,0,0,0,1,0,31,0,0,4,12,2,11.0,2,0,5,9,3,11.666666666666666,0,9.4,-0.8,-3.12,Dropout
4152,1,1,3,6,1,1,1,8,14,12,12,1,0,0,1,0,0,18,0,0,5,6,5,13.333333333333334,0,0,5,7,4,14.8,0,7.6,2.6,0.32,Graduate
4032,1,1,6,12,1,1,1,2,14,4,10,1,0,0,1,1,0,18,0,0,8,8,8,13.74625,0,0,8,8,8,13.74625,0,9.4,-0.8,-3.12,Graduate
1324,1,8,3,9,1,1,1,3,28,3,11,1,0,0,1,0,0,18,0,0,5,16,4,10.666666666666666,0,0,5,11,2,12.0,0,13.9,-0.3,0.79,Enrolled
223,1,16,1,12,1,1,1,13,1,6,10,0,0,0,1,0,1,19,0,0,7,9,5,13.85,0,0,8,9,7,12.19285714285714,0,11.1,0.6,2.02,Graduate
154,1,14,1,16,1,1,1,3,27,3,6,1,0,0,1,0,0,21,0,0,6,10,3,12.666666666666666,0,0,6,12,3,10.0,0,9.4,-0.8,-3.12,Dropout
1746,1,14,1,8,1,1,1,13,1,10,5,0,0,1,0,1,0,24,0,0,6,11,5,11.833333333333334,0,0,6,11,4,11.5,0,15.5,2.8,-4.06,Dropout
2387,1,1,1,2,1,1,1,1,28,6,8,1,0,1,0,1,0,19,0,0,0,0,0,0.0,0,0,0,0,0,0.0,0,12.7,3.7,-1.7,Graduate
471,1,1,1,11,1,1,1,13,28,10,8,0,0,0,1,0,1,20,0,0,6,6,6,12.333333333333334,0,0,6,7,6,11.833333333333334,0,13.9,-0.3,0.79,Graduate
4415,4,12,1,12,1,12,1,22,27,7,7,0,0,1,0,0,0,46,0,0,7,14,3,12.333333333333334,0,0,7,12,3,11.083333333333334,0,11.1,0.6,2.02,Dropout
3376,1,8,1,6,1,1,1,13,27,10,10,1,0,0,1,0,1,21,0,0,6,6,6,14.5,0,0,6,8,6,14.666666666666666,0,8.9,1.4,3.51,Graduate
3591,1,8,3,12,1,1,1,3,1,3,8,1,0,0,1,1,0,18,0,0,8,8,7,13.154285714285717,0,0,8,8,7,13.154285714285717,0,10.8,1.4,1.74,Enrolled
1713,1,15,1,6,1,14,1,1,3,10,5,0,0,1,0,0,0,24,0,2,6,11,4,12.5,0,1,6,18,2,11.5,0,12.4,0.5,1.79,Enrolled
3715,1,1,2,9,1,1,1,22,1,6,4,1,0,0,1,1,0,20,0,0,5,9,2,14.333333333333334,0,0,5,10,2,12.5,0,7.6,2.6,0.32,Enrolled
772,1,1,3,12,1,1,1,1,14,5,10,1,0,0,1,0,0,19,0,0,7,9,6,13.411428571428573,0,0,8,12,7,13.294444444444444,0,15.5,2.8,-4.06,Enrolled
947,1,8,2,15,1,1,1,3,5,1,3,1,0,0,0,1,1,22,0,0,4,8,0,0.0,0,0,4,8,0,0.0,0,7.6,2.6,0.32,Dropout
280,1,7,2,9,1,1,1,23,27,10,10,1,0,0,1,0,1,22,0,0,5,8,4,12.0,0,0,5,8,4,11.4,2,16.2,0.3,-0.92,Graduate
621,1,8,2,9,1,1,1,1,28,5,4,1,0,0,1,0,0,19,0,0,5,15,2,10.75,0,0,5,11,2,10.0,0,13.9,-0.3,0.79,Dropout
2098,1,9,1,12,1,1,1,22,14,6,6,0,0,0,1,0,1,19,0,0,8,9,8,13.78125,1,0,8,9,8,13.78125,1,9.4,-0.8,-3.12,Graduate
1692,1,1,1,12,1,1,1,22,28,10,10,1,0,0,1,1,1,19,0,0,7,7,7,13.7,0,0,8,9,8,14.022222222222222,0,16.2,0.3,-0.92,Graduate
50,1,12,1,11,1,1,1,13,28,10,8,0,0,0,1,0,1,24,0,0,6,6,6,13.666666666666666,0,0,6,6,6,14.166666666666666,0,12.4,0.5,1.79,Graduate
1888,1,5,1,6,1,1,9,2,14,3,9,0,0,0,1,0,0,18,1,0,6,8,6,15.0,0,0,6,10,5,14.333333333333334,0,11.1,0.6,2.02,Graduate
684,4,12,1,4,1,12,1,22,27,10,10,0,0,0,1,1,0,49,0,6,12,17,7,12.0,0,3,12,19,9,11.22222222222222,0,15.5,2.8,-4.06,Graduate
1299,1,9,1,11,1,1,1,23,28,6,6,1,0,0,1,1,0,26,0,0,6,10,4,10.0,0,0,6,11,3,12.0,0,9.4,-0.8,-3.12,Enrolled
1899,1,17,1,6,1,16,1,3,1,3,9,1,0,0,1,0,0,21,0,7,11,15,10,14.5,0,4,9,15,8,14.0,0,8.9,1.4,3.51,Graduate
2997,1,8,1,9,1,1,1,3,3,3,3,0,0,0,1,0,0,20,0,0,5,10,4,11.0,0,0,5,7,4,11.5,0,15.5,2.8,-4.06,Enrolled
140,1,1,5,12,1,1,1,22,27,10,10,1,0,0,1,0,0,19,0,0,7,7,6,12.666666666666666,0,0,7,7,6,12.666666666666666,0,7.6,2.6,0.32,Graduate
3394,1,1,2,9,1,1,1,23,14,4,8,1,0,0,1,0,0,19,0,0,5,8,4,12.8,0,0,5,10,3,14.5,0,10.8,1.4,1.74,Enrolled
883,1,12,1,4,1,1,1,22,27,5,8,0,0,1,0,1,0,32,0,0,6,8,3,13.0,0,4,10,14,6,11.428571428571429,0,16.2,0.3,-0.92,Dropout
955,1,8,4,14,1,1,1,1,1,5,12,1,0,0,1,1,0,19,0,0,5,6,3,13.333333333333334,0,0,5,5,1,11.0,0,7.6,2.6,0.32,Dropout
803,1,1,1,15,1,1,1,23,28,10,10,1,0,0,1,0,0,18,0,0,6,6,6,15.5,0,0,6,6,6,14.0,0,11.1,0.6,2.02,Graduate
3180,1,8,1,5,1,1,1,3,3,4,4,0,0,0,1,1,0,18,0,0,6,6,6,16.0,0,0,6,6,6,13.666666666666666,0,12.4,0.5,1.79,Graduate
2689,1,8,1,15,1,1,1,1,28,12,9,1,0,0,0,1,0,21,0,0,6,10,2,12.0,0,0,6,0,0,0.0,0,10.8,1.4,1.74,Dropout
4090,2,12,1,3,0,1,1,19,24,1,1,0,0,0,1,0,0,33,0,0,6,10,5,11.4,0,1,6,7,6,11.166666666666666,0,7.6,2.6,0.32,Graduate
3364,1,8,3,16,1,1,1,19,24,1,1,1,0,0,1,0,0,21,0,0,6,8,5,11.8,0,0,6,8,4,10.5,0,7.6,2.6,0.32,Dropout
3748,1,1,3,12,1,1,1,1,14,5,6,1,0,1,1,0,0,18,0,0,7,0,0,0.0,0,0,8,0,0,0.0,0,13.9,-0.3,0.79,Dropout
757,1,14,1,17,0,1,1,22,2,10,5,1,0,0,0,1,0,23,0,10,15,24,12,11.0,0,10,14,21,11,11.363636363636363,1,7.6,2.6,0.32,Dropout
1510,1,8,1,11,1,1,1,1,1,5,9,1,0,0,0,1,0,22,0,0,1,1,0,0.0,0,0,6,0,0,0.0,0,12.4,0.5,1.79,Dropout
1543,1,4,1,8,1,2,3,27,1,5,10,0,0,0,1,1,0,35,1,0,7,8,0,0.0,1,0,6,9,0,0.0,0,8.9,1.4,3.51,Dropout
4297,1,1,1,15,1,1,1,23,27,10,7,0,0,0,1,1,1,19,0,0,6,8,5,14.0,0,0,6,8,6,13.0,0,10.8,1.4,1.74,Graduate
2398,1,8,2,15,1,1,1,3,14,3,4,1,0,0,1,1,0,19,0,0,6,7,6,14.428571428571429,0,0,6,7,6,14.571428571428571,0,13.9,-0.3,0.79,Graduate
3682,1,12,1,17,0,1,1,22,27,10,10,0,0,0,0,1,0,36,0,0,5,5,0,0.0,0,0,5,5,0,0.0,0,12.7,3.7,-1.7,Dropout
3191,1,1,1,14,1,1,1,13,27,10,10,0,0,0,1,1,0,18,0,0,6,7,4,12.6,0,0,6,6,4,13.0,0,12.4,0.5,1.79,Dropout
2244,1,12,1,11,1,12,1,22,27,12,12,0,0,0,1,1,0,48,0,0,6,13,3,10.0,0,0,6,15,1,10.0,0,7.6,2.6,0.32,Dropout
2879,4,12,1,3,0,1,1,23,27,6,8,0,0,0,1,0,0,45,0,0,6,13,4,12.5,0,0,6,8,3,11.666666666666666,0,16.2,0.3,-0.92,Dropout
4265,1,8,5,15,1,1,1,1,14,10,6,1,0,0,1,1,0,19,0,0,6,6,6,13.166666666666666,0,0,6,8,6,12.428571428571429,0,16.2,0.3,-0.92,Graduate
1041,1,9,6,12,1,1,1,22,27,10,8,0,0,0,1,0,1,20,0,0,8,8,7,12.791428571428572,1,0,8,8,7,12.791428571428572,1,10.8,1.4,1.74,Graduate
1485,1,9,2,10,1,1,1,13,1,5,4,1,0,0,1,0,1,19,0,0,6,8,4,10.75,0,0,6,11,5,11.5,0,15.5,2.8,-4.06,Graduate
2499,1,12,1,10,1,12,1,22,27,10,10,0,1,1,1,0,0,40,0,0,6,13,2,10.0,0,0,6,10,1,15.0,0,16.2,0.3,-0.92,Dropout
2191,1,1,6,12,1,1,1,4,14,3,4,1,0,0,1,1,0,18,0,0,7,0,0,0.0,0,0,8,0,0,0.0,0,16.2,0.3,-0.92,Dropout
219,1,8,1,6,1,1,1,13,27,2,4,0,0,0,1,0,0,21,0,0,5,10,0,0.0,1,0,5,9,2,13.5,0,7.6,2.6,0.32,Dropout
2507,1,12,1,3,0,1,1,23,27,10,8,0,0,0,1,1,1,37,0,1,7,9,6,11.857142857142858,0,1,6,7,5,12.0,0,13.9,-0.3,0.79,Graduate
3493,1,4,1,7,1,3,1,22,27,10,10,0,0,0,0,1,0,33,0,0,5,6,0,0.0,0,0,5,5,0,0.0,0,12.7,3.7,-1.7,Dropout
1688,1,1,1,2,1,1,1,13,1,10,10,1,0,0,1,1,0,20,0,0,0,0,0,0.0,0,0,0,0,0,0.0,0,10.8,1.4,1.74,Enrolled
2706,1,1,1,8,1,1,1,3,3,3,3,0,0,0,1,1,0,20,0,0,5,7,4,11.75,0,0,5,5,5,13.4,0,7.6,2.6,0.32,Graduate
4093,1,1,1,15,1,1,1,22,28,8,8,0,0,0,1,0,1,18,0,0,6,6,6,12.166666666666666,0,0,6,7,6,12.142857142857142,0,15.5,2.8,-4.06,Graduate
3821,1,12,1,4,1,1,1,1,28,6,7,0,0,0,1,1,0,26,0,0,6,9,0,0.0,0,0,6,6,0,0.0,0,13.9,-0.3,0.79,Dropout
950,1,12,1,17,0,1,1,22,27,10,10,1,0,0,1,1,0,30,0,0,5,7,5,11.0,0,0,5,5,5,11.6,0,7.6,2.6,0.32,Graduate
1518,1,1,1,2,1,1,1,22,14,10,9,0,0,0,1,1,1,20,0,0,0,0,0,0.0,0,0,0,0,0,0.0,0,13.9,-0.3,0.79,Enrolled
2813,1,1,1,10,1,1,1,1,14,10,10,0,0,1,1,0,1,19,0,0,6,11,3,11.0,0,0,6,9,4,11.25,0,10.8,1.4,1.74,Graduate
639,1,9,1,15,1,1,1,1,1,4,4,0,0,0,1,0,1,18,0,0,6,6,6,12.666666666666666,0,0,6,6,6,11.833333333333334,0,12.7,3.7,-1.7,Dropout
2199,1,12,2,13,1,1,1,1,1,10,11,0,0,0,1,1,0,24,0,0,7,18,0,0.0,0,0,7,13,0,0.0,1,11.1,0.6,2.02,Dropout
805,1,8,2,9,1,1,1,13,1,10,4,1,0,1,1,0,0,20,0,0,5,10,2,11.5,0,0,5,8,3,10.0,0,11.1,0.6,2.02,Enrolled
2750,1,12,1,7,1,1,1,1,28,5,8,0,0,0,0,1,0,25,0,0,5,8,0,0.0,0,0,5,5,0,0.0,0,9.4,-0.8,-3.12,Dropout
58,1,8,1,12,1,1,1,23,28,8,11,1,0,0,1,0,0,18,0,0,8,8,8,14.935,0,0,8,8,8,14.935,0,9.4,-0.8,-3.12,Graduate
2608,1,8,4,11,1,1,1,23,28,6,6,1,0,0,1,0,0,20,0,0,6,6,6,11.0,0,0,6,8,4,12.75,0,9.4,-0.8,-3.12,Graduate
4290,1,1,1,2,1,1,1,1,10,5,5,1,0,0,1,1,1,20,0,8,14,15,12,10.923076923076923,0,7,13,14,11,12.181818181818182,0,11.1,0.6,2.02,Graduate
3059,1,1,3,12,1,1,1,13,27,10,10,1,0,0,1,0,1,19,0,0,8,8,7,14.232857142857142,0,0,8,8,7,14.232857142857142,0,10.8,1.4,1.74,Graduate
4107,1,1,6,12,1,1,1,22,14,10,8,1,0,0,1,0,0,19,0,0,8,10,6,13.78,1,0,8,10,6,13.78,1,9.4,-0.8,-3.12,Dropout
3026,1,1,4,15,1,1,1,3,14,3,4,1,1,0,1,0,0,18,0,0,6,10,6,12.571428571428571,0,0,6,11,6,12.571428571428571,0,10.8,1.4,1.74,Enrolled
926,1,4,1,6,1,3,1,13,15,5,12,1,0,0,1,0,0,32,0,0,5,8,1,14.0,2,0,5,12,0,0.0,4,10.8,1.4,1.74,Dropout
3015,1,1,4,12,1,1,1,23,1,6,7,1,0,0,1,0,0,18,0,0,7,9,7,14.711111111111112,0,0,8,9,8,14.627777777777778,0,15.5,2.8,-4.06,Graduate
4417,1,1,1,5,1,1,1,1,1,10,10,1,0,0,1,0,1,20,0,0,6,6,6,13.833333333333334,0,0,6,6,6,13.5,0,16.2,0.3,-0.92,Graduate
2512,1,8,4,12,1,1,1,3,3,3,3,1,0,0,1,0,0,19,0,0,7,8,7,13.198571428571428,0,0,8,8,8,13.0625,0,11.1,0.6,2.02,Graduate
2301,1,8,1,5,1,1,1,13,14,8,8,0,0,0,1,1,0,18,0,0,6,7,6,12.333333333333334,0,0,6,10,5,10.8,4,16.2,0.3,-0.92,Enrolled
2501,2,12,1,3,0,9,1,22,27,10,2,0,0,0,1,0,0,46,0,0,6,13,3,12.333333333333334,0,0,6,6,6,13.333333333333334,0,11.1,0.6,2.02,Graduate
4203,1,1,2,5,1,1,1,13,28,10,10,1,0,0,1,0,1,20,0,1,6,9,5,13.4,1,0,6,9,6,12.375,0,13.9,-0.3,0.79,Graduate
3942,1,8,3,10,1,1,1,3,3,3,3,1,0,0,1,0,0,19,0,0,6,10,6,12.0,0,0,6,12,4,11.0,0,12.7,3.7,-1.7,Graduate
2597,1,14,1,2,1,1,1,13,28,10,10,0,0,0,1,0,1,18,0,0,0,0,0,0.0,0,0,0,0,0,0.0,0,13.9,-0.3,0.79,Dropout
2600,1,8,3,16,1,1,1,22,27,6,10,1,1,0,1,0,1,19,0,0,6,6,6,13.5,0,0,6,8,5,12.8,0,12.7,3.7,-1.7,Dropout
1768,1,4,1,12,1,3,1,3,14,3,7,0,0,0,1,1,0,27,0,0,7,0,0,0.0,0,0,8,0,0,0.0,0,12.4,0.5,1.79,Dropout
3950,1,9,1,6,1,1,1,22,27,10,10,1,0,0,1,0,1,21,0,0,6,7,6,13.5,0,0,6,6,3,15.333333333333334,0,8.9,1.4,3.51,Dropout
352,1,1,4,2,1,1,1,1,1,10,6,1,0,0,0,0,0,19,0,0,0,0,0,0.0,0,0,0,0,0,0.0,0,9.4,-0.8,-3.12,Dropout
2970,1,14,2,10,1,1,1,13,14,5,6,1,0,0,1,0,0,24,0,6,10,16,10,12.5,0,2,7,9,4,12.6,0,16.2,0.3,-0.92,Graduate
3743,1,16,1,6,1,15,1,3,3,5,3,0,0,0,1,0,0,28,0,0,6,8,6,14.428571428571429,0,0,6,12,4,15.6,0,11.1,0.6,2.02,Enrolled
667,1,16,1,10,1,14,1,23,28,6,8,1,0,0,1,0,1,20,0,6,11,11,11,12.818181818181818,0,6,11,11,11,13.545454545454543,0,12.4,0.5,1.79,Graduate
3995,2,12,1,17,0,1,1,22,27,10,10,0,0,0,1,0,0,27,0,0,5,5,2,10.5,0,0,5,5,0,0.0,0,7.6,2.6,0.32,Dropout
2995,1,8,5,12,1,1,1,1,1,6,6,1,0,0,1,0,1,18,0,0,7,7,7,13.857142857142858,0,0,8,8,8,14.9,0,13.9,-0.3,0.79,Graduate
3403,1,8,5,12,1,1,1,13,14,10,8,1,0,0,1,0,1,18,0,0,7,8,7,13.56875,0,0,8,8,8,14.02625,0,15.5,2.8,-4.06,Graduate
3478,1,12,1,10,1,1,1,23,1,10,4,0,0,1,1,1,0,28,0,2,8,15,7,11.0,0,0,6,17,1,10.0,0,10.8,1.4,1.74,Enrolled
2632,1,14,1,12,1,1,1,1,1,8,5,1,0,0,1,1,0,22,0,0,8,9,8,12.55375,1,0,8,9,8,12.55375,1,9.4,-0.8,-3.12,Graduate
480,1,1,1,12,1,1,1,1,1,5,5,0,0,0,1,0,0,19,0,0,7,10,6,11.614285714285714,0,0,8,8,8,14.0375,0,13.9,-0.3,0.79,Graduate
3810,1,14,1,12,1,1,1,22,27,10,8,1,0,0,1,0,1,18,0,0,7,8,5,12.86,0,0,7,8,5,12.86,0,7.6,2.6,0.32,Enrolled
2932,1,12,1,17,0,1,1,22,27,7,7,0,0,1,1,0,0,36,0,0,5,5,0,0.0,0,0,5,5,0,0.0,0,12.7,3.7,-1.7,Dropout
1521,2,12,1,17,0,1,1,22,27,10,10,0,0,0,1,1,0,29,0,0,5,5,5,15.2,0,0,5,5,5,15.2,0,11.1,0.6,2.02,Graduate
1053,1,15,1,6,1,14,1,3,3,3,3,1,0,0,1,0,0,19,0,0,6,10,6,13.0,0,0,6,19,5,13.0,0,12.4,0.5,1.79,Graduate
1180,6,12,1,12,1,1,1,22,27,10,10,0,0,0,1,0,0,36,0,0,7,12,4,11.5,0,0,7,14,3,12.333333333333334,0,16.2,0.3,-0.92,Dropout
960,1,12,1,14,1,1,1,19,24,1,1,1,0,0,0,1,0,28,0,0,5,7,3,11.666666666666666,0,0,5,8,2,11.5,1,7.6,2.6,0.32,Dropout
4300,1,15,1,4,1,14,1,1,27,7,7,1,0,0,1,1,0,20,0,0,6,14,5,11.714285714285714,0,0,6,15,5,12.0,0,16.2,0.3,-0.92,Graduate
2868,2,12,1,9,1,1,1,22,27,10,11,0,0,0,1,0,0,41,0,0,5,14,4,14.5,1,0,5,12,5,13.0,0,9.4,-0.8,-3.12,Enrolled
866,1,12,1,7,1,3,1,1,28,12,12,0,0,0,1,1,0,29,0,0,3,3,0,0.0,3,0,5,0,0,0.0,0,10.8,1.4,1.74,Dropout
2336,1,14,1,17,0,1,1,22,14,10,5,0,0,0,1,1,0,40,0,1,5,6,4,10.25,0,3,8,18,5,11.2,5,15.5,2.8,-4.06,Dropout
4360,1,8,4,12,1,1,1,13,27,5,9,1,0,0,1,0,0,19,0,0,7,7,6,11.966666666666669,0,0,7,7,6,11.966666666666669,0,7.6,2.6,0.32,Graduate
3177,1,1,1,14,1,1,1,23,28,10,10,1,0,0,1,1,1,18,0,0,6,6,6,13.0,0,0,6,6,6,13.0,0,13.9,-0.3,0.79,Dropout
3633,1,12,1,11,1,1,1,22,27,5,7,0,0,0,1,0,0,33,0,5,10,14,9,12.416666666666666,0,5,9,14,7,13.0,0,10.8,1.4,1.74,Graduate
256,1,8,1,17,0,15,1,22,27,7,7,0,0,0,1,0,0,29,0,0,5,10,5,13.571428571428571,0,0,5,14,5,12.333333333333334,3,16.2,0.3,-0.92,Graduate
116,1,8,1,10,1,1,1,13,27,10,8,1,0,0,1,0,1,20,0,0,6,13,2,10.0,0,0,6,12,4,10.75,0,7.6,2.6,0.32,Enrolled
1169,1,1,1,14,1,1,1,13,27,6,8,0,0,0,1,1,0,21,0,0,5,7,4,11.5,0,0,5,6,4,11.75,0,9.4,-0.8,-3.12,Graduate
4408,2,12,1,15,1,1,1,22,27,10,10,0,0,0,1,1,0,47,0,0,6,8,5,11.4,0,0,6,10,6,11.666666666666666,0,12.7,3.7,-1.7,Dropout
2407,4,12,1,12,1,12,1,22,28,6,6,0,0,1,0,1,0,47,0,0,7,7,0,0.0,7,0,8,8,0,0.0,8,15.5,2.8,-4.06,Dropout
4345,1,1,1,15,1,1,1,1,14,6,11,1,0,0,1,0,0,18,0,0,6,6,6,12.833333333333334,0,0,6,6,6,13.333333333333334,0,9.4,-0.8,-3.12,Graduate
3193,1,13,1,5,1,1,1,3,2,4,2,0,0,0,1,1,0,20,0,6,7,13,7,12.375,0,4,7,8,4,11.25,0,13.9,-0.3,0.79,Dropout
3993,1,1,3,15,1,1,9,22,27,10,10,0,0,1,0,0,1,20,1,0,6,6,6,12.5,0,0,6,7,5,11.8,0,10.8,1.4,1.74,Graduate
1400,1,1,2,2,1,1,1,1,3,4,4,1,0,0,1,0,0,18,0,0,0,0,0,0.0,0,0,0,0,0,0.0,0,12.4,0.5,1.79,Enrolled
767,1,4,1,17,0,15,1,1,27,5,2,0,0,0,1,0,0,26,0,8,9,11,9,12.333333333333334,0,4,7,7,7,12.571428571428571,0,12.4,0.5,1.79,Graduate
511,2,12,1,3,0,1,1,19,24,13,13,0,0,0,0,0,0,32,0,0,5,5,0,0.0,0,0,5,10,0,0.0,0,10.8,1.4,1.74,Dropout
3153,1,1,1,2,1,1,1,3,3,3,3,1,0,0,1,0,0,21,0,6,12,12,12,15.333333333333334,0,4,11,15,11,15.0,0,8.9,1.4,3.51,Graduate
1575,1,1,4,2,1,1,1,13,14,5,5,1,1,0,1,0,0,22,0,0,0,0,0,0.0,0,0,0,0,0,0.0,0,16.2,0.3,-0.92,Graduate
2210,1,1,3,12,1,1,1,1,1,5,5,1,0,0,1,1,0,18,0,0,8,8,7,13.1,0,0,8,8,7,13.1,0,12.7,3.7,-1.7,Graduate
2861,1,1,1,6,1,1,1,3,3,3,3,0,0,0,1,0,0,18,0,0,5,5,5,12.6,0,0,5,7,5,11.6,0,7.6,2.6,0.32,Graduate
1847,2,12,1,17,0,1,1,21,12,10,11,1,0,0,1,1,0,41,0,0,5,9,4,10.75,0,0,5,7,2,10.0,0,9.4,-0.8,-3.12,Dropout
885,1,13,1,15,1,6,1,19,24,1,1,1,0,0,1,0,0,34,0,8,10,11,10,12.2,0,5,10,12,9,12.333333333333334,0,7.6,2.6,0.32,Graduate
4411,1,15,1,8,1,14,1,22,27,10,4,1,0,0,1,1,0,21,0,1,6,8,6,12.5,0,0,6,11,3,13.333333333333334,0,13.9,-0.3,0.79,Dropout
4359,1,1,4,10,1,1,1,1,14,5,6,1,0,0,1,0,0,19,0,0,6,6,6,13.0,0,0,6,8,5,13.4,0,8.9,1.4,3.51,Graduate
986,1,4,1,4,1,4,1,1,1,5,7,0,0,0,1,1,0,28,0,0,6,14,6,14.875,0,0,6,12,6,15.8,0,16.2,0.3,-0.92,Graduate
2586,1,9,2,9,1,1,1,1,27,6,6,1,0,0,1,0,0,21,0,0,5,8,3,12.0,1,0,5,9,3,12.666666666666666,0,9.4,-0.8,-3.12,Enrolled
2430,1,1,1,15,1,1,1,23,28,7,4,0,0,0,1,1,1,18,0,0,6,12,4,11.5,0,0,6,10,5,12.6,0,10.8,1.4,1.74,Graduate
1871,1,1,6,12,1,1,1,1,1,5,5,1,0,0,1,1,1,20,0,0,7,14,1,13.0,0,0,7,15,0,0.0,0,11.1,0.6,2.02,Dropout
3724,1,1,2,14,1,1,1,1,1,10,10,1,0,0,1,1,1,18,0,0,5,6,4,12.25,0,0,5,5,5,12.2,0,9.4,-0.8,-3.12,Dropout
234,1,1,1,9,1,1,1,22,1,10,11,0,0,0,1,0,0,21,0,0,5,12,3,12.0,0,0,5,12,1,15.0,3,16.2,0.3,-0.92,Dropout
856,1,1,1,10,1,1,1,1,14,5,4,1,0,0,1,1,0,22,0,0,6,6,6,12.666666666666666,0,0,6,6,6,13.833333333333334,0,10.8,1.4,1.74,Dropout
3050,2,12,1,13,1,1,1,22,27,10,7,0,0,0,1,0,0,31,0,0,7,21,5,10.9,3,0,8,21,3,11.7,1,12.7,3.7,-1.7,Dropout
2832,2,12,1,4,1,1,1,3,3,3,3,0,0,1,0,0,0,34,0,1,6,10,6,14.333333333333334,0,0,6,9,6,12.833333333333334,0,11.1,0.6,2.02,Enrolled
409,4,12,1,6,1,1,1,19,24,1,1,0,0,0,1,0,0,25,0,0,5,5,0,0.0,0,0,5,5,0,0.0,0,7.6,2.6,0.32,Dropout
1531,1,8,3,12,1,1,1,23,1,10,6,1,0,0,1,0,0,18,0,0,7,7,6,13.033333333333331,0,0,7,7,6,13.033333333333331,0,7.6,2.6,0.32,Graduate
424,1,8,6,13,1,1,1,13,2,6,4,1,0,0,1,0,0,20,0,0,7,7,7,13.785714285714286,0,0,8,8,8,14.1,0,12.4,0.5,1.79,Graduate
3101,1,8,4,9,1,1,1,1,1,5,6,1,0,0,1,0,0,19,0,0,5,6,5,12.4,0,0,5,5,5,12.8,0,7.6,2.6,0.32,Graduate
543,1,1,1,12,1,1,1,1,1,6,4,0,0,0,1,1,1,18,0,0,7,7,7,15.957142857142856,0,0,8,9,8,15.188888888888888,0,16.2,0.3,-0.92,Graduate
99,1,1,4,12,1,1,1,3,3,3,3,1,0,1,0,0,0,19,0,0,7,10,4,11.96,0,0,7,7,0,0.0,0,13.9,-0.3,0.79,Dropout
2801,1,15,1,8,1,14,1,3,1,3,5,1,0,0,1,0,0,20,0,0,6,6,0,0.0,0,0,6,6,0,0.0,0,12.4,0.5,1.79,Dropout
3451,1,12,1,12,1,1,1,13,14,6,7,0,0,1,1,0,0,28,0,0,7,12,4,13.375,0,0,7,7,5,13.5,0,13.9,-0.3,0.79,Enrolled
1936,1,8,1,8,1,1,1,4,1,3,11,1,0,0,1,0,0,19,0,0,6,8,6,13.0,0,0,6,9,4,12.8,0,13.9,-0.3,0.79,Graduate
2830,1,8,5,9,1,1,1,13,28,4,11,1,0,0,1,0,0,19,0,0,5,8,5,12.6,0,0,5,9,4,11.6,0,8.9,1.4,3.51,Graduate
3948,2,12,1,14,1,1,1,22,14,10,5,0,0,0,1,0,1,43,0,0,6,8,5,11.0,0,0,6,9,5,13.0,0,12.4,0.5,1.79,Graduate
712,2,12,1,6,1,1,1,22,27,12,12,0,0,0,1,1,0,33,0,0,5,7,4,13.5,0,0,5,6,5,11.6,0,7.6,2.6,0.32,Graduate
192,1,12,1,9,1,1,1,10,3,5,4,1,0,0,1,0,0,24,0,0,5,5,0,0.0,0,0,5,5,0,0.0,0,7.6,2.6,0.32,Dropout
2666,1,8,4,5,1,1,1,23,1,10,10,1,0,0,1,1,0,19,0,0,6,6,6,13.833333333333334,0,0,6,8,6,13.125,0,10.8,1.4,1.74,Graduate
37,1,14,1,9,1,1,1,22,27,7,7,0,0,0,1,0,0,55,0,0,5,10,1,10.0,0,0,5,8,2,12.0,2,16.2,0.3,-0.92,Dropout
833,2,12,1,8,1,1,1,22,27,10,7,0,0,0,1,1,0,31,0,1,6,11,2,12.0,1,1,6,12,1,10.0,1,16.2,0.3,-0.92,Dropout
1120,1,12,1,10,1,1,1,23,14,10,10,1,0,0,1,0,0,24,0,0,6,9,4,15.75,0,0,6,10,5,16.4,0,9.4,-0.8,-3.12,Enrolled
2846,2,12,2,13,1,9,1,19,24,13,13,0,0,0,1,0,0,39,0,0,3,7,1,14.0,0,0,2,4,0,0.0,0,11.1,0.6,2.02,Dropout
3716,1,15,1,8,1,14,1,4,4,3,11,1,0,0,1,1,0,20,0,1,5,8,2,11.5,0,1,5,13,2,11.5,0,12.7,3.7,-1.7,Dropout
2463,1,8,5,11,1,1,1,22,28,10,10,1,0,1,1,1,1,20,0,0,6,7,0,0.0,0,0,6,6,0,0.0,0,8.9,1.4,3.51,Dropout
719,1,14,1,14,1,1,1,23,1,9,11,1,0,0,1,1,0,18,0,0,6,16,5,13.8,0,0,6,7,5,12.4,0,13.9,-0.3,0.79,Enrolled
802,1,8,4,9,1,1,1,13,14,6,6,1,0,0,1,0,0,19,0,0,5,7,5,13.6,0,0,5,6,5,12.2,0,8.9,1.4,3.51,Graduate
1882,1,8,1,11,1,1,1,13,28,10,10,0,0,0,1,0,0,19,0,0,5,5,0,0.0,0,0,6,0,0,0.0,0,8.9,1.4,3.51,Dropout
1792,1,12,1,17,0,1,1,3,5,3,3,0,0,1,1,1,0,29,0,1,5,9,3,11.0,0,0,5,11,2,13.5,0,12.7,3.7,-1.7,Dropout
1987,2,12,1,17,0,1,1,22,27,10,11,0,0,0,1,0,0,34,0,0,5,5,0,0.0,0,0,5,5,0,0.0,0,9.4,-0.8,-3.12,Enrolled
